INSERT INTO groups(id, code)
VALUES (1, 'AI-21'),
       (2, 'AI-22'),
       (3, 'AO-21'),
       (4, 'AO-22'),
       (5, 'AO-23');

INSERT INTO students(id, first_name, last_name, group_id)
VALUES (1,'Cullan','Crysell',3),
       (2, 'Craig', 'Alan', 2),
       (3, 'Ellen', 'Snel', 3),
       (4, 'Ilsa', 'Filpi', 5),
       (5, 'Dana', 'Leneve', 5),
       (6, 'Amaleta', 'Storie', 4),
       (7, 'Cass', 'Clyde', 1),
       (8, 'Garik', 'Mungane', 1),
       (9, 'Reed', 'Elden', 4),
       (10, 'Maryann', 'Baumer', 2);

INSERT INTO subjects(id, name)
VALUES (1, 'Programming'),
       (2, 'English'),
       (3, 'OOP'),
       (4, 'Math'),
       (5, 'History'),
       (6, 'Computer architecture'),
       (7, 'Databases'),
       (8, 'Parallel programming'),
       (9, 'Networks'),
       (10, 'Android programming'),
       (11, 'Physics'),
       (12, 'Economy'),
       (13, 'PT'),
       (14, 'Philosophy'),
       (15, 'Operating Systems'),
       (16, 'Advanced programming');

INSERT INTO teachers(id, first_name, last_name)
VALUES (1, 'John', 'Wissbey'),
       (2, 'Tonya', 'Kain'),
       (3, 'Kevyn', 'Domm'),
       (4, 'Philippe', 'Sturley'),
       (5, 'Ernest', 'Parkey'),
       (6, 'Brigg', 'Toal'),
       (7, 'Byrann', 'Brookes'),
       (8, 'Sam', 'Stoll'),
       (9, 'Andy', 'Stobbs'),
       (10, 'Melody', 'Stocker'),
       (11, 'York', 'Matthaus'),
       (12, 'Bessie', 'Whittleton'),
       (13, 'Leo', 'Stopper'),
       (14, 'Darla', 'Dyster'),
       (15, 'Emmi', 'Swan');


INSERT INTO classrooms(id, pavilion_number, room_number)
VALUES (1, 18, 518),
       (2, 18, 326),
       (3, 21, 134),
       (4, 7, 509),
       (5, 19, 201),
       (6, 18, 533),
       (7, 19, 111),
       (8, 16, 43),
       (9, 1, 121),
       (10, 18, 121),
       (11, 18, 121),
       (12, 19, 121),
       (13, 2, 121),
       (14, 21, 121),
       (15, 31, 121);

INSERT INTO lessons(id, subject_id, teacher_id, classroom_id, day_of_week, time)
VALUES (1, 1, 1, 1, 0, '8:30'),     (2, 1, 1, 1, 1, '10:25'),   (3, 1, 1, 1, 2, '12:20'),   (4, 1, 1, 1, 4, '14:15'),   (5, 1, 1, 1, 4, '16:10'),
       (6, 2, 2, 2, 0, '10:25'),    (7, 2, 2, 2, 1, '12:20'),   (8, 2, 2, 2, 2, '14:15'),   (9, 2, 2, 2, 4, '16:10'),   (10, 2, 2, 2, 4, '8:30'),
       (11, 3, 3, 3, 0, '12:20'),   (12, 3, 3, 3, 1, '14:15'),  (13, 3, 3, 3, 2, '16:10'),  (14, 3, 3, 3, 4, '8:30'),   (15, 3, 3, 3, 4, '10:25'),

       (16, 4, 4, 4, 0, '14:15'),   (17, 4, 4, 4, 1, '16:10'),  (18, 4, 4, 4, 2, '8:30'),   (19, 4, 4, 4, 3, '10:25'),  (20, 4, 4, 4, 4, '12:20'),
       (21, 5, 5, 5, 0, '16:10'),   (22, 5, 5, 5, 1, '8:30'),   (23, 5, 5, 5, 2, '10:25'),  (24, 5, 5, 5, 3, '12:20'),  (25, 5, 5, 5, 4, '14:25'),
       (26, 6, 6, 6, 0, '8:30'),    (27, 6, 6, 6, 1, '10:25'),  (28, 6, 6, 6, 2, '12:20'),  (29, 6, 6, 6, 3, '14:15'),  (30, 6, 6, 6, 4, '16:10'),

       (31, 7, 7, 7, 0, '10:25'),   (32, 7, 7, 7, 1, '12:20'),  (33, 7, 7, 7, 2, '14:15'),  (34, 7, 7, 7, 3, '16:10'),  (35, 7, 7, 7, 4, '8:30'),
       (36, 8, 8, 8, 0, '12:20'),   (37, 8, 8, 8, 1, '14:15'),  (38, 8, 8, 8, 2, '16:10'),  (39, 8, 8, 8, 3, '8:30'),   (40, 8, 8, 8, 4, '10:25'),
       (41, 9, 9, 9, 0, '14:15'),   (42, 9, 9, 9, 1, '16:10'),  (43, 9, 9, 9, 2, '8:30'),   (44, 9, 9, 9, 3, '10:25'),  (45, 9, 9, 9, 4, '12:20'),

       (46, 10, 10, 10, 0, '16:10'), (47, 10, 10, 10, 1, '8:30'),  (48, 10, 10, 10, 2, '10:25'), (49, 10, 10, 10, 3, '12:20'), (50, 10, 10, 10, 4, '14:15'),
       (51, 11, 11, 11, 0, '8:30'),  (52, 11, 11, 11, 1, '10:25'), (53, 11, 11, 11, 2, '12:20'), (54, 11, 11, 11, 3, '14:15'), (55, 11, 11, 11, 4, '16:10'),
       (56, 12, 12, 12, 0, '10:25'), (57, 12, 12, 12, 1, '12:20'), (58, 12, 12, 12, 2, '14:15'), (59, 12, 12, 12, 3, '16:10'), (60, 12, 12, 12, 4, '8:30'),

       (61, 13, 13, 13, 0, '12:20'), (62, 13, 13, 13, 1, '14:15'), (63, 13, 13, 13, 2, '16:10'), (64, 13, 13, 13, 3, '8:30'),  (65, 13, 13, 13, 4, '10:25'),
       (66, 14, 14, 14, 0, '14:15'), (67, 14, 14, 14, 1, '16:10'), (68, 14, 14, 14, 2, '8:30'),  (69, 14, 14, 14, 3, '10:25'), (70, 14, 14, 14, 4, '12:20'),
       (71, 15, 15, 15, 0, '16:10'), (72, 15, 15, 15, 1, '8:30'),  (73, 15, 15, 15, 2, '10:25'), (74, 15, 15, 15, 3, '12:20'), (75, 15, 15, 15, 4, '14:15'),

       (76, 16, 1, 1, 0, '18:05');

INSERT INTO lessons_groups(lesson_id, group_id)
VALUES (1, 1),  (16, 2), (31, 3), (46, 4), (61, 5), (76, 1), (76, 2), (76, 3), (76, 4), (76, 5),
       (6, 1),  (21, 2), (36, 3), (51, 4), (66, 5),
       (11, 1), (26, 2), (41, 3), (56, 4), (71, 5),

       (17, 1), (32, 2), (47, 3), (62, 4), (2, 5),
       (22, 1), (37, 2), (52, 3), (67, 4), (7, 5),
       (27, 1), (42, 2), (57, 3), (72, 4), (12, 5),

       (33, 1), (48, 2), (63, 3), (3, 4),  (18, 5),
       (38, 1), (53, 2), (68, 3), (8, 4),  (23, 5),
       (43, 1), (58, 2), (73, 3), (13, 4), (28, 5),

       (49, 1), (64, 2), (4, 3),  (19, 4), (34, 5),
       (54, 1), (69, 2), (9, 3),  (24, 4), (39, 5),
       (59, 1), (74, 2), (14, 3), (29, 4), (44, 5),

       (65, 1), (5, 2),  (20, 3), (35, 4), (50, 5),
       (70, 1), (10, 2), (25, 3), (40, 4), (55, 5),
       (75, 1), (15, 2), (30, 3), (45, 4), (60, 5);
